"ID_estacao";"ano_ini";"ano_fim";"tbs_max";"tbs_996";"tbuc_996";"tbs_99";"tbuc_99";"tbs_98";"tbuc_98";"tbs_min";"tbu_max";"tbu_996";"tbsc_996";"tbu_99";"tbsc_99";"tbu_98";"tbsc_98"
"S717";2018;2021;40,4;37,3;22,8;35,8;22,2;34,6;23,9;4,1;27,4;26,1;32,2;25,6;31,4;25,2;31,7
"S716";2018;2021;42,9;38,9;20,2;37,4;22,5;36,3;22,6;-1,6;27,7;26,1;31,9;25,6;31,2;25,2;30,2
"S715";2018;2021;42,5;38,9;21,4;37,5;21,8;36,4;21,8;0,3;26,8;25,6;32,3;25,2;32,5;24,9;32
"S714";2018;2021;38;34,6;22,7;33,5;29;32,4;28;0,5;32,3;28,5;33;27,7;32,6;26,4;30,6
"S713";2018;2021;41,7;37,7;23,3;37,7;23,3;37,4;22,6;5,3;27,9;25,6;33,3;25;31,9;24,5;32,3
"S712";2018;2021;41,2;37,7;24,3;36,5;24,2;35,3;24,5;-0,7;29,5;28,3;33,8;27,8;33,9;27,3;32,8
"S711";2018;2021;40,2;37,7;20,4;36,3;21,4;35,3;21,9;-0,1;33,2;25,8;31,8;25,2;31,2;24,7;30,1
"S710";2018;2021;42,7;38,4;21,5;37,2;22,4;35,9;22,5;0,3;31,2;26,5;33,9;25,8;32,4;25,3;31,4
"S709";2018;2021;41,4;38,3;22,4;36,9;22,8;35,8;22,8;-3,2;27,1;25,8;33,1;25,3;32,7;24,9;32
"S708";2018;2021;38,2;37,4;25,4;37,4;25,4;36,1;24,7;3,3;31,5;25,7;32,5;25,4;37,3;25,4;37,3
"S707";2018;2021;40,8;36,2;31,5;34,9;30,3;33,7;29,2;5,2;35,7;31,5;36,2;30,3;34,9;28,7;33,8
"S706";2018;2021;41,2;37,6;21,3;36,1;22,7;35;22,8;0,3;27,7;25,7;32,2;25,2;31,8;24,7;30,6
"S705";2018;2021;39,8;36,5;24,8;34,9;24,4;33,6;23;2,8;26,5;25,2;33,7;24,9;32,5;24,5;32,2
"S704";2018;2021;40,3;37,9;22,9;36,8;23,4;35,7;24;1,2;27,7;26,4;33,5;26;32,6;25,6;32,2
"S703";2018;2021;37,6;34,8;20,2;34;21,5;34;21,5;3,8;25,8;24;34,4;23,6;29,8;22,9;27,6
"S702";2018;2021;38,7;36;21,7;34,9;21,5;33,9;21,4;-0,1;31,5;24,8;30,8;24,4;30,5;23,8;29,8
"S701";2018;2021;41,6;38,5;22,3;37,4;22,6;36,4;22,9;1,8;27,3;25,9;33,1;25,5;32,4;25;31,8
"S122";2016;2018;36,3;36,3;22,5;35,4;23,1;35,4;23,1;0;25,7;24,7;30,4;24,4;30,3;24,1;29,7
"S121";2016;2018;36,8;36,8;25,1;36,8;25,1;36,8;25,1;0;26,6;25,4;33,5;25,3;35,1;25,3;35,1
"S120";2016;2018;38,8;36,3;23,8;35,7;23,4;35,2;23,8;0;27,8;26,3;32,8;26,1;32,9;25,8;31,6
"S117";2016;2018;36,4;34,7;26,9;34,2;27,4;33,7;27,1;17,8;28,7;28,1;33;27,9;32,8;27,7;32,5
"S116";2016;2018;36,1;35,8;26,3;35,8;26,3;35,8;26,3;19,5;27,7;26,6;33,6;26,5;33,4;26,5;33,4
"S114";2016;2018;30,5;29,1;23,2;28,8;22,3;28,7;23,4;0;24,8;23,9;27,4;23,6;27;23,4;28,5
"S113";2016;2018;36,9;35,9;24,1;35,3;24,6;34,7;24,3;0;27,1;25,6;31,4;25,4;32;25,1;31,6
"S110";2016;2018;38,3;36,5;22;35,9;22,4;35,2;23;0;27;26,1;31,7;25,8;30,7;25,7;30,8
"S108";2016;2018;34,2;34,2;26,2;34,2;26,2;34,2;26,2;22,2;27,4;26,2;34;26,2;34;26,2;34
"S107";2016;2018;35,4;33,9;20,5;33,3;21,2;32,7;21,1;17,6;24,1;23,3;28,6;23;28,9;22,7;28,3
"S104";2016;2018;34,9;33,2;22;32,1;23,2;31,3;23,3;6,5;26,3;25,3;29,3;25;29,3;24,7;28,3
"S103";2016;2018;36;35,3;24,4;35,3;24,4;34,9;24,4;20,8;26,8;25,8;31,6;25,6;31;25,4;30,8
"S102";2016;2018;37,9;37,9;30,7;36,1;26,8;36,1;26,8;23,9;30,7;30,7;37,9;26,9;33,2;26,8;35,7
"S101";2016;2018;38,2;38,2;21,7;38,2;21,7;38,2;21,7;12,9;26;24,7;35;24,7;35;24,7;35
"F501";2013;2021;35,3;31,9;18,9;30,7;18,3;29,7;18,9;5,7;24,4;22,1;27,8;21,6;27,6;21,1;26,6
"B806";2016;2021;44,7;31,2;21,2;30;21,4;28,9;20,6;-3,1;40,3;23,2;28,4;22,4;27,1;21,8;27,2
"B804";2016;2021;36,6;32,2;19,6;31,2;20,7;30,4;20,7;-4;24,9;23,5;29,3;22,9;28,5;22,5;27,8
"B803";2016;2021;40,3;35,4;21,7;33,9;22,6;32,5;22,8;-3,1;30,4;25,7;31,5;24,9;30,4;24,3;30,2
"A944";2019;2021;41,5;38,6;34,7;37;33,3;37;33,3;8,5;37,4;34,7;38,7;33,3;37;33,3;37
"A943";2019;2021;40,1;36,9;34,1;35,9;33,1;34,5;31,8;16,4;37,2;34,1;36,9;33,2;36;31,8;34,5
"A942";2019;2021;40,3;38,3;21,1;37,5;21,5;36,4;21,7;12,9;27,9;26,4;31,7;26;31,5;25,7;31,2
"A941";2012;2020;42,2;39,4;22,1;38,4;22,4;37,3;23;7,7;28,4;26,9;31,7;26,5;31,8;26,2;31,8
"A940";2010;2021;40,1;36,7;22,6;36;22,5;35,2;23,2;12,3;29,1;26,4;31,6;26,1;31,5;25,8;31,3
"A939";2010;2021;40,4;37,7;21,8;36,8;21,9;36;21,8;9,8;26,8;25,5;32,2;25,2;31,9;25;31,5
"A938";2010;2021;36,9;34,8;19,7;33,9;19,8;33,2;20;7,4;27,1;23,7;29,2;23,4;28,9;23,2;28,6
"A937";2010;2021;40,6;37,7;21,7;36,8;21,9;35,9;22,1;7,2;27,4;25,7;33,2;25,4;32,5;25,1;32,1
"A936";2010;2021;41,2;37,9;21,4;36,9;21,6;35,9;22;5,3;29,8;27,8;31,4;27,1;30,9;26,5;31,2
"A935";2010;2021;42,7;39,1;22,9;38,2;23,1;37;23,6;5,1;32,1;29,8;33,1;29,1;32,4;28,2;32,1
"A934";2010;2021;39,8;34,9;18;33,8;17,9;32,7;18,6;3,1;25,6;23,3;29,3;23;28,7;22,7;28,5
"A933";2010;2021;40,3;36,9;20,1;35,6;20,4;34,4;20,6;6,4;33,2;25,1;31,2;24,7;30,6;24,4;30,4
"A932";2010;2021;43,7;38,7;19,9;37,5;19,8;36,5;20,3;7,9;26,6;25,1;32;24,9;31,9;24,6;31,3
"A931";2010;2021;39,7;36,5;19,2;35,4;18,5;34,6;18,8;6,3;26,4;24;29,8;23,7;29,7;23,5;29,4
"A930";2010;2021;41,2;38,1;19,9;37,3;20,7;36,5;20,9;11,6;27,7;25,7;31,3;25,2;30,7;24,7;31,1
"A929";2010;2021;40,5;37,2;20,2;36,3;20,5;35,4;20,3;8,7;28,3;25,2;30,8;24,9;30,9;24,6;30,2
"A928";2010;2021;44,9;39,6;30,8;37,9;25,8;36,6;25,3;7,5;43,3;33,6;35,4;32,5;35,8;31;35,3
"A927";2010;2021;39,5;36,2;20,8;35,3;21;34,3;21;7,8;27,1;25,4;31;25,1;30,8;24,8;30,3
"A926";2010;2021;38,1;36;19,9;35,3;20,4;34,5;20,8;11;28,5;26,5;29,5;26;29;25,6;29
"A925";2010;2021;40,7;36,4;22,6;35,6;23,5;34,8;23,6;13,1;31,6;27,9;31,9;26,8;31;26,1;31,5
"A924";2010;2021;39,2;36,3;22,5;35,5;22,1;34,7;22,6;11,9;27,5;26,2;31,7;25,9;31,3;25,7;31,2
"A923";2017;2021;40,4;36,3;17,2;34,8;17,9;33,3;19,3;8,3;24;23,1;29,6;22,8;29,3;22,5;28,9
"A922";2010;2021;41,2;38,4;22,8;37,3;22,1;36,1;22,6;5,1;27,8;26,3;33,5;26;32,9;25,6;32,3
"A921";2010;2021;42,2;38,6;20,8;37,7;21,2;36,7;21,5;14;34,2;26,6;32,6;26,1;32,1;25,8;31,8
"A920";2010;2021;38,7;36;21,7;35,2;21,7;34,4;21,9;8,9;29,3;26,8;30,6;26,1;30,2;25,7;30,2
"A919";2010;2021;43,7;36,3;22,3;35,5;22,4;34,8;22,7;11,8;37,4;26,1;32,3;25,8;31,7;25,5;31,7
"A917";2010;2021;40;37,3;20,5;36,4;20,4;35,4;20,9;4,6;26,9;25,4;31,6;25,1;31,3;24,8;30,8
"A916";2010;2019;41;37,7;21,5;36,6;21,4;35,6;21,8;11,5;27,8;26,1;32,7;25,8;32,3;25,4;32
"A915";2010;2021;39,8;36,9;19,8;35,7;20,8;34,5;21,2;9,8;28,3;26,6;30,7;26;29,9;25,5;29,8
"A914";2010;2021;41;37,6;21,2;36,6;21,4;35,8;21,4;9,6;35,8;26,8;31;25,9;31,6;25,4;31,2
"A913";2010;2021;42,1;34,3;20,4;33,4;20,9;32,5;21,3;-5;37,1;25;29,3;24,5;29,4;24;29,2
"A912";2010;2021;38,4;34,7;18;33,7;18,4;32,7;19,3;6,5;24,9;23,7;29,4;23,4;28,7;23,1;28,6
"A911";2017;2021;38;36,2;20,7;35,2;20,8;34;21,2;6,8;28,4;25,7;27,8;25,1;27,7;24,7;28,6
"A910";2010;2021;39,6;36,9;22,2;36,2;22,3;35,4;23,3;13,1;27,2;26,1;32,5;25,9;32,4;25,7;32
"A909";2011;2021;41,1;36;18,1;34,9;18,8;33,9;18,7;2,7;24,5;23,3;29,4;23;29,3;22,7;28,8
"A908";2010;2021;40,9;37,5;19,4;36,5;19,9;35,5;20,4;10,6;28,9;26,3;30,1;25,8;29,9;25,3;29,8
"A907";2010;2021;43,5;39,4;20,9;38,4;20,9;37,2;21,2;3,1;33,1;27,7;33,2;26,7;31,9;25,9;31,9
"A906";2010;2021;40,1;37,4;21,8;36,5;22;35,6;22,2;12,7;27,9;26,2;33;25,9;32,6;25,6;32,1
"A905";2010;2021;39,6;36,6;20,5;35,6;20,5;34,7;21,6;7,1;33,2;25;31;24,8;30,7;24,5;30,1
"A904";2010;2021;40,3;37,6;20,8;36,7;21,3;35,8;21,2;9,7;26,4;25,1;31,9;24,9;31,8;24,6;31,4
"A903";2010;2021;42,4;38,2;22;37;21,1;36,1;21,5;5,5;28,4;25,9;32;25,5;32;25,2;31,5
"A902";2010;2021;40,5;37,2;20,4;36,1;20,9;35;20,8;6;27,9;24,9;31,3;24,6;30,8;24,4;30,5
"A901";2010;2021;43,7;39,5;21;38,4;21,3;37,2;21,3;7,9;27,3;25,6;33;25,3;32,4;25;31,9
"A899";2010;2021;39,9;31,1;23,8;29,5;23,6;28,2;22,9;-1,4;27,9;25,2;29,4;24,5;28,3;23,7;26,8
"A898";2019;2021;34,8;31,1;19,5;29,9;19,1;28,8;18,4;-3,5;23,4;21,7;27,8;21,2;27,5;20,6;26,4
"A897";2016;2021;33,3;29,3;20,4;28,1;20,2;26,9;19,4;-3,6;23,4;21,7;26,7;21,2;26,1;20,6;24,9
"A895";2019;2021;36,8;33,5;20,1;32,6;19,9;31,4;20,7;-1,5;24,3;23,1;28,9;22,6;29,5;22,1;28,2
"A894";2016;2021;38,2;33,9;20,3;32,8;21,3;31,7;20,3;-5,1;25,6;23,7;30,3;23,1;29,8;22,5;28,8
"A893";2018;2021;37,7;34;20,4;32,3;21,9;30,9;22,2;-0,2;25,7;23,2;32;22,5;29,4;21,9;28,3
"A889";2016;2021;40;35,5;21,9;34,2;22,7;32,9;22,5;-1,4;27,8;25,4;32,4;24,7;31;24,1;30,1
"A887";2019;2021;37,7;33,4;23,2;31,6;23,1;30;22,9;0,6;32,9;25,5;30,9;24,4;30,3;23,5;28,7
"A886";2016;2021;37,6;34,3;22,3;33;21,5;31,8;21,8;-3;26,3;24,6;30,2;23,9;30,1;23,3;29,3
"A884";2013;2021;41;37,4;23,4;35,6;23,8;34,2;23,4;-0,2;32,7;26,4;32,2;25,5;32,2;24,7;31,9
"A883";2012;2021;39;34,5;21,2;33,1;21;32,1;21,4;-3,1;26,6;24,6;30,7;24;30;23,4;29,1
"A882";2012;2021;40,2;36,2;23,9;34,5;23,4;33,3;23,1;-1,8;27,7;25,7;33;25,1;31,9;24,5;31
"A881";2010;2021;39,8;34,8;22,2;33,5;22,2;32,2;22,2;-9,8;33,3;25;31,8;24,2;30,5;23,5;29,2
"A880";2010;2021;33,4;30,1;19,7;28,9;19,5;27,9;19,1;-4,5;23,6;21,8;27,4;21,3;26,7;20,7;25,8
"A879";2010;2021;34,1;30,2;21,2;28,7;20,5;27,5;20;-2,4;25,6;22,5;27,8;22;26,9;21,4;26
"A878";2010;2021;39,4;32,1;23,8;29,9;22,6;28,4;23,4;2,1;35,6;25,5;30,1;24,6;28,7;24;27,7
"A876";2010;2021;35,1;30,9;18,8;29,8;19,3;28,9;19,6;-4,2;24,2;22,6;27,4;22;27,1;21,5;26,6
"A875";2010;2021;35,1;31,9;21,3;30,8;21,1;29,7;20,6;-7,9;25,2;23,1;29,1;22,6;28,8;22,1;27,9
"A874";2011;2021;36,6;32,7;21,7;31,5;21,5;30,3;21,3;-5,7;24,8;23,5;30,8;22,9;29;22,4;28,3
"A873";2010;2021;42,9;35,4;25,8;33,8;25,7;32,4;25,2;1;29;26,9;33,4;26,4;32,7;25,8;31,1
"A872";2011;2021;33,7;29,7;19,5;28,6;19,8;27,6;19,4;-2,8;24,1;21,9;27;21,4;26,3;20,9;25,2
"A871";2010;2021;37,9;33,7;20,8;32,5;20,7;31,4;21,3;0;30,9;23,4;30;23;29,1;22,6;28,4
"A870";2016;2021;44,5;30,2;23,9;28,5;21,9;27;20,8;-3,6;39,1;24;28,4;23;26,8;22,1;25,7
"A869";2010;2021;42,3;36,8;21,4;35,7;21,3;34,7;22;1,3;27;25;32,5;24,6;31,6;24,2;31,1
"A868";2010;2021;39;33,1;25,6;31,7;25,2;30,5;24,5;1,3;29,2;26,4;31,3;25,7;30,5;25,1;29,6
"A867";2010;2021;38,6;33,2;26;31,8;25,3;30,5;24,8;-0,3;33,6;27,8;31,4;26,3;30,4;25,3;29,1
"A866";2010;2021;35,9;29;23,8;28;23,6;27,2;23,2;4,4;27,5;25;28,2;24,4;27,1;23,9;26,6
"A865";2014;2021;33,2;29,8;20,4;28,7;19,8;27,6;19,9;-3,3;23,8;21,8;27,6;21,3;26,7;20,8;25,9
"A864";2010;2021;34,8;31,5;21,4;30,3;21,1;29,1;20,6;-5,2;25,1;23,1;28,6;22,5;27,9;22;27,1
"A863";2010;2021;37,5;32,6;22,7;31,3;22,4;30,1;21,8;-3,1;26,2;24,2;30,4;23,5;29,5;22,9;28,1
"A862";2010;2021;36,2;31,7;21,1;30,4;21,3;29,2;21;-4;24,6;23,2;29,2;22,7;28,2;22,2;27,3
"A861";2010;2021;44,3;32;21,4;30,5;22,2;29,2;21,4;-2,1;40,8;23,8;30;23,2;28,8;22,6;27,6
"A860";2010;2021;34,5;30,8;20,2;29,6;19,7;28,4;19,6;-4,4;23,4;21,9;28;21,4;27,4;20,9;26,5
"A859";2010;2021;34,8;31,1;18,9;29,8;18,6;28,7;18,5;-5,8;23,1;21,3;26,7;20,8;26,6;20,4;26,1
"A858";2010;2021;34,7;31,3;19,7;30,3;20,3;29,3;20,5;-2,4;24,7;23,1;28,6;22,6;27,8;22;27,1
"A857";2010;2021;36,1;32,8;21,5;31,7;21,8;30,7;21;-1,6;25,6;23,8;29,5;23,3;28,7;22,8;28,2
"A856";2010;2021;36,8;32,9;21,1;31,7;21,1;30,7;21,1;-3,9;25,5;23,9;29,8;23,3;29,1;22,8;28,5
"A855";2010;2021;40,2;35,6;22,3;34,2;22,1;33,1;22,4;-1,5;31,2;25,6;31;25;31;24,4;30,3
"A854";2010;2021;36,7;33,7;21,7;32,6;21,9;31,5;21,7;-2,6;26,3;24,4;30,3;23,9;30,2;23,4;29,3
"A853";2010;2021;38,8;34,1;21,7;32,9;20,6;31,8;20,9;-4,8;27,2;24,3;30,2;23,7;29,7;23,1;29,2
"A852";2010;2021;40,6;36,4;22,3;35,1;22,4;34;21,9;-1;27,2;25,3;32,7;24,7;31,8;24,2;31,2
"A851";2010;2021;38;32,6;25,9;31,4;26,3;30,4;25,2;-1,1;31,9;27;32;26,3;30,8;25,8;29,9
"A850";2010;2021;42,1;37,2;21,8;35,9;22,2;34,9;22,3;-0,7;27,8;25,5;32,3;25;32,2;24,5;31,5
"A849";2010;2021;41,3;36,6;21,8;35,4;22,5;34,4;22,5;0,7;27,3;25,4;32,4;24,9;31,6;24,5;31,1
"A848";2010;2021;40,5;31,4;20,3;30,3;20,3;29,4;20,4;-2,4;29;22,9;28,5;22,4;27,5;22;27
"A847";2010;2018;37,3;31,9;26,1;30,8;25,9;29,8;25,4;5,8;33,8;26,9;30,5;26,3;29,8;25,8;29,2
"A846";2010;2021;40;36,2;22,8;35;23,5;33,9;23,6;-2,1;34,6;26,4;32,4;25,8;32,1;25,3;31,4
"A845";2010;2021;26,7;23,1;16,3;21,9;15,8;20,7;15,1;-8,6;20,9;18,1;20,9;17,4;20,1;16,8;19,2
"A844";2010;2021;35,1;31,5;19,9;30,3;19,8;29,2;20,1;-2,9;24,2;22,5;28,5;22;27,7;21,4;26,9
"A843";2010;2021;38;34;21,7;32,8;22,2;31,8;21,9;-1,9;26,3;24,6;30,9;24,1;30,1;23,6;29,4
"A842";2010;2021;38,4;33,7;20,3;32,5;21;31,4;21,5;-0,4;28,2;25,3;29,9;24,4;28,7;23,6;28,6
"A841";2010;2021;36,9;32,7;20,3;31,5;21,5;30,3;20,6;-4,6;27,1;23,6;29,6;23;29;22,3;28
"A840";2010;2021;36,8;32,1;20,4;30,7;21,4;29,5;20,5;-2,7;26;23,3;29,7;22,7;28,1;22,1;27,7
"A839";2010;2021;35,9;32,6;20,9;31,3;20,8;30,2;20,2;-2,6;25,5;23,6;29,5;23;29;22,4;28,1
"A838";2010;2021;39;34,4;23,8;32,6;23,9;31,1;23,2;-0,7;28,7;26;32,4;25,2;30,8;24,4;29,5
"A837";2010;2021;36,2;32,4;21,1;31,1;20;30;20,7;-3,5;25,2;23,6;29,2;22,9;28,4;22,3;27,7
"A836";2010;2021;40,4;33,8;23,2;32,1;22,9;30,5;22,6;-1,8;29,7;25,3;31,6;24,4;29,6;23,7;28,3
"A835";2010;2021;40,4;35,3;19,9;34,2;20,2;33,3;20,4;1,3;27,2;24,6;29,3;24,1;29;23,6;28,7
"A834";2010;2021;39,7;30,9;24,3;29,4;24,1;28,3;24,3;2,2;34,4;26,1;29,6;25,2;28,2;24,5;27,5
"A833";2010;2021;38,2;34,5;21,8;33,1;21,8;32,1;22,2;-2,7;26,9;24,8;31;24,2;30,3;23,6;30
"A832";2010;2021;41,2;36,4;23;35;23,3;33,7;23,4;-4;28,1;26;32,3;25,2;32,2;24,5;31,4
"A831";2010;2021;40,1;36,3;22,2;34,9;21,8;33,5;22,2;-6,3;27,9;25,4;32,4;24,7;31,5;24;30,4
"A830";2010;2021;40,5;36;23,2;34,8;23,5;33,7;23,4;-2,4;28,9;26,1;32,3;25,4;32;24,9;31,1
"A829";2010;2021;35,7;27,8;18,8;26,6;18,7;25,4;18;-5,5;22,8;20,7;25,8;20,1;24,7;19,5;23,8
"A828";2010;2021;35,6;32,1;21;30,9;21;29,9;20,4;-3,8;25,5;23,1;29,2;22,6;28,1;22,1;27,6
"A827";2010;2021;39,3;34,4;22,3;33;21,7;31,8;21,5;-2,7;27,3;24,6;31,3;23,8;30;23,1;29
"A826";2010;2021;40;36;23,8;34,6;23,4;33,2;22,4;-3,8;27,9;25,5;32,5;24,8;32;24,1;30,3
"A825";2019;2021;37,6;34,6;24,8;33,3;25,3;33;25,7;3,9;31,3;29;33,1;27,5;32,2;26,1;30,5
"A824";2010;2021;39,4;35,6;22,4;34,6;23;33,6;22,8;0,9;27,4;25,6;32,4;25,1;31,7;24,7;30,9
"A823";2010;2021;33,4;28,9;19,8;27,8;19,8;26,8;19,4;-4,8;24,2;21,9;26,3;21,3;25,6;20,8;25,3
"A822";2010;2021;36,7;33,5;23,3;32,3;21,9;31,4;22,8;-1,2;29,2;25,9;31,3;24,6;30,2;23,9;29,6
"A821";2010;2021;39,2;35;21,8;33,7;21,8;32,7;21,8;-2;26;24,6;30,9;24,2;30,6;23,8;30,2
"A820";2010;2021;40,1;36,4;21,4;35,3;21,6;34,2;21,6;-2,4;26,9;25,4;31,4;24,9;31,4;24,4;30,4
"A819";2010;2021;35,3;31,4;19,8;30,3;19,8;29,2;19,9;-4,2;23,7;22,1;28,2;21,6;27,5;21,2;26,9
"A818";2010;2021;36,5;32,5;20,5;31,5;20,6;30,5;20,5;-2,3;24,8;23;29,4;22,5;28,6;22,1;28,1
"A817";2010;2021;40,5;35;25,9;33,4;25;32,2;24,7;1,6;29,6;26,6;33,4;25,9;32;25,3;30,9
"A816";2010;2021;32,6;29,9;19,7;28,9;20;28,1;19,7;-2,7;24,7;22,3;27,4;21,8;26,6;21,4;26,3
"A815";2010;2021;29,9;26,7;18,1;25,5;17,6;24,6;17;-5,8;21;19,6;24,3;19,2;23,8;18,7;23
"A814";2010;2021;42,1;35,7;25,4;34,1;24,1;32,5;24;-1;30,9;26,5;32,6;25,6;31,8;24,8;30,4
"A813";2010;2021;40,6;35,6;23,7;33,9;23,5;32,5;22,5;-1,2;28,3;25,6;33,1;24,9;31,5;24,2;29,8
"A812";2010;2021;37,5;32,7;21,3;31,2;21,3;30;21,4;-1;26,7;24,3;30,2;23,6;28,9;22,9;27,6
"A811";2010;2021;38,4;32,3;21,4;30,8;21;29,4;20,9;-1,6;26,3;24;29,6;23,2;27,8;22,5;26,7
"A810";2010;2021;39,9;35,7;21;34,5;21,9;33,5;21,9;-4,4;26,8;25,1;31,4;24,6;31,1;24,1;30,3
"A809";2010;2021;41;36,4;22,8;35,1;22,8;33,8;22,6;-3,3;28,6;26,1;32,3;25,4;31,4;24,7;30,7
"A808";2010;2021;41,2;30,3;24,8;29,2;24,4;28,2;23,8;-0,2;30,1;25,7;29,4;25;28,5;24,3;27,4
"A807";2010;2021;35,5;31,7;19,6;30,6;19,9;29,6;19,6;-0,8;24,8;21,8;27,5;21,3;27,1;20,9;26,9
"A806";2010;2021;39,7;32,5;25,2;31,4;24,4;30,4;24,2;2,7;28,4;25,9;31,1;25,3;30,3;24,8;29,7
"A805";2010;2021;37,5;34;21,5;32,8;21,4;31,7;21,6;-2,4;26,5;24,2;30,8;23,4;30,3;22,7;29,3
"A804";2010;2021;39,4;33,9;21,5;32,3;21,5;30,8;21,5;-3,8;33,5;24,2;31,4;23,3;29,4;22,5;28,2
"A803";2010;2021;40,4;35,8;24,4;34,1;24,7;32,8;24,2;-1,8;29,5;26,2;32,9;25,5;32,1;24,9;31,4
"A802";2010;2021;39,6;32,2;23,9;30,6;23,3;29,3;22,8;-0,5;29,1;25,1;30;24,4;29;23,8;28,1
"A801";2010;2021;40,6;35,7;24,9;34,1;24,2;32,6;23,4;1,1;29;25,9;33,6;25,3;32,3;24,6;30,5
"A771";2018;2021;38;33,6;21,1;32,5;21,1;31,3;21,7;3,6;25,8;23,8;30,6;23,3;29,3;22,8;28,5
"A770";2019;2021;40,5;37,4;20,3;36;19,6;34,7;20,3;0,6;25,5;24;30,6;23,6;29,6;23,3;29,2
"A769";2017;2021;39,9;34,7;22,3;33,6;22,6;32,5;22;3,6;25,9;24,1;31,6;23,7;30,9;23,2;30,3
"A768";2017;2021;42,6;37,8;23,5;36,6;22,9;35,5;23,7;3,8;31,7;27,7;33,4;26,5;33,3;25,6;31,4
"A767";2017;2021;40;34,7;26,1;33,6;26,4;32,6;25,2;13,3;32;27,3;33,5;26,7;32,8;26,3;31,2
"A766";2017;2021;42,8;37;26,2;35,4;26,3;33,6;25,5;3,5;38,2;27,5;35,2;26,9;34;26,2;33,8
"A765";2017;2021;37,9;34,1;27;33,3;25,6;32,2;24,8;10,6;34,2;29,9;33,7;27;28,6;26,5;30,8
"A764";2016;2021;38,8;35,9;21;34,7;20,9;33,7;21,3;3,4;25,8;24,4;31,2;24;31;23,7;30,3
"A763";2017;2021;40,6;35,2;22,8;34,1;21,4;33,1;21,3;1,7;29,8;24,2;31,5;23,8;30,2;23,4;29,8
"A762";2016;2021;42,4;38;21,1;36,7;21,7;35,5;22,1;0,1;28,3;26;31,3;25,6;31,7;25,2;30,9
"A761";2012;2021;41,7;37,5;19,4;36,5;20,3;35,4;20,8;4,8;33,1;25,1;31,1;24,5;30,8;24,2;30,3
"A760";2012;2021;41,3;36,6;18,7;35,4;18,4;34,2;18,3;1;24,8;23,5;30,1;23,2;29,8;23;29,1
"A759";2013;2021;44,4;37;21,2;35,9;21,5;34,8;22,5;3,9;39,3;25,9;30,3;25,3;30,4;24,8;29,7
"A758";2011;2021;41,4;37,7;22,9;36,6;22,6;35,7;23,1;-0,5;30,1;26,6;32,4;25,9;32,2;25,4;31,7
"A757";2011;2021;40,5;37,6;23,8;36,6;24,6;35,8;24,2;-2,5;32,7;27,3;33;26,5;33;26;32,7
"A756";2010;2021;44,6;39,2;20,1;37,9;20,6;36,9;21,1;-0,6;29;26,7;27,8;25,6;31;25,1;31,1
"A755";2011;2021;37,5;33,6;20,8;32,4;20,4;31,5;20,2;1,5;24,1;22,6;30;22,2;29,5;21,8;28,5
"A754";2010;2021;40,7;37;21,2;35,7;21,7;34,7;21,8;-1,1;29,8;25,2;31,8;24,8;31,5;24,4;31,3
"A753";2010;2021;41,4;36,9;19,4;35,5;18,9;34,4;19,7;-1,1;26,2;24;31,3;23,6;30,8;23,3;30,4
"A752";2010;2021;41,3;36,9;22,2;35,8;22,2;34,7;22,7;-0,3;28,1;26;30,9;25,5;30,9;25;31,1
"A751";2010;2021;40,6;36,1;21,5;34,9;22,4;33,9;22,7;-0,1;29,5;26,5;31,1;25,4;31;24,7;30,8
"A750";2010;2021;41,1;36,8;21,1;35,6;21,6;34,6;21,9;-2;34,5;25,2;32,2;24,7;31,4;24,3;30,7
"A749";2010;2021;41;36,7;22;35,6;22,2;34,7;22,5;-0,3;26,8;25,4;32,4;25;31,8;24,6;31,1
"A748";2010;2021;42,9;37,6;19,6;36,3;19,8;35,1;20,3;0,6;26,6;24,6;31,2;24,1;31,1;23,8;30,7
"A747";2010;2021;40,9;36,6;19;35,4;19,6;34,3;20,2;-1,4;27;23,6;30,8;23,3;30,1;23;29,8
"A746";2010;2021;35,4;32;22,6;30,8;22,7;29,4;22,1;-3,6;26;24,3;29,5;23,7;29,1;23,1;28
"A744";2017;2021;37,3;33,2;19,5;32,1;19,7;31,2;19,9;2,9;23,5;22,4;29,1;22;28,9;21,7;28,6
"A743";2010;2021;41,6;37,9;21,8;36,7;21,8;35,6;22,7;-3;27,6;25,9;32,9;25,5;32,4;25,2;32
"A742";2010;2021;42,2;37,8;19,5;36,6;19,4;35,6;20,3;-0,2;25,4;24,3;31,7;24;31,2;23,7;30,4
"A741";2010;2021;41,5;36,6;20,3;35,3;20,9;34,3;20,9;2,8;25,5;23,9;31,4;23,5;31;23,2;30,6
"A740";2010;2021;36,2;32,4;20,1;31,4;20,7;30,4;20,7;-1,7;24,7;23,1;28,8;22,7;28,7;22,2;28
"A739";2010;2021;38,9;34,9;19,8;33,9;20;33;20,2;2,9;25,1;23,1;29,7;22,8;29,5;22,4;29
"A738";2010;2021;38,8;34,2;19,6;33,2;19,9;32,3;19,7;3,2;24,1;22,6;29;22,3;29;22;28,7
"A737";2010;2021;42,6;36,4;19,7;35,1;20,6;34,1;21,2;0;25,9;24,4;31,2;24;31;23,6;30,4
"A736";2010;2021;41,9;36,7;19,9;35,4;19,9;34,3;20,9;0,5;26;24,1;31;23,8;30,8;23,5;30,2
"A735";2010;2021;41,3;36,9;20,3;35,7;20,9;34,8;21,5;0,7;26,2;24,7;31,8;24,4;31,7;24,1;31
"A734";2010;2021;44,3;38;20,3;36,7;20,8;35,6;21,5;-0,8;31;25,5;31,3;24,8;31,6;24,3;31,1
"A733";2010;2021;42,4;38;19,6;36,6;19,7;35,5;20;4,1;25,9;24,4;31,2;24,1;31;23,8;30,3
"A732";2010;2021;42,3;36;18,3;34,8;18,9;33,6;19,8;0,8;30,4;25,1;30,7;24,2;29,8;23,8;29,7
"A731";2010;2021;41,4;37,2;20,9;36,1;21,8;35,1;22,2;0;26,6;25,4;32,2;25;31,9;24,6;31,4
"A730";2010;2021;38,6;34,5;18;33,3;18,8;32,2;19,2;3,3;25;22,9;29,4;22,6;28,8;22,3;28,4
"A729";2010;2021;42,1;37,6;20,1;36,3;20,6;35,3;20,9;1,7;26,4;24,6;32;24,2;31,7;23,9;31,3
"A728";2010;2021;38,7;34,8;21;33,7;20,8;32,6;21,3;1,7;25,3;23,3;30,8;23;30,6;22,6;29,9
"A727";2010;2021;43,5;36,9;20;35,7;20,7;34,7;20,6;3;25,6;24,1;31;23,7;30,4;23,4;30,3
"A726";2010;2021;38,5;34,7;20,3;33,5;21,1;32,6;20,9;1,7;25,8;24,3;29,8;23,9;29,2;23,5;28,8
"A725";2010;2021;38,1;33,6;19,2;32,4;19,9;31,5;20,1;0,4;24,2;22,9;29,5;22,6;28,8;22,2;28,3
"A724";2010;2021;43,9;39;22,8;37,6;23,8;36,4;23,9;4,7;27,9;26,5;33,9;26,1;33,2;25,8;33
"A723";2010;2021;42,7;39,4;22,9;38,3;23,4;37,3;23,5;1,1;33,1;27;33;26,4;33,4;26;33
"A722";2010;2021;40,9;37,6;21,8;36,6;23,1;35,7;23,4;1,6;28,4;26,3;33,1;26;32,7;25,7;32,4
"A721";2010;2021;41,2;36,4;20,7;35,2;21,5;34,1;21,8;-0,7;26,1;25,1;31,6;24,7;31;24,3;30,7
"A720";2010;2021;44,1;39,2;21,2;38,1;21,2;36,9;21,8;1,9;31,5;26,9;33;26,3;31,8;25,8;31,6
"A719";2010;2021;41,3;38;22,4;37,1;22,8;36,2;23,8;1,6;29,9;26,9;33,1;26,3;33,4;25,9;32,9
"A718";2010;2021;41,4;36,7;21,5;35,4;22;34,5;22;-4,3;27,8;25,2;32;24,7;31,4;24,3;31,2
"A717";2010;2021;40,7;38,1;23;37,1;23,7;36,3;23,7;-1,1;29,1;26,7;32,7;26,4;32,8;26,1;32,4
"A716";2010;2021;39,8;36,1;21,5;34,8;21,5;33,7;21,9;0,4;27,5;25,1;31,4;24,5;31,3;24;30,7
"A715";2010;2021;39;33,5;21,7;32,4;22,2;31,3;21,6;-2,5;26,3;23,9;30,1;23,5;29,7;23;29
"A714";2010;2021;37,5;33,2;20,8;32,1;21,3;31;20,7;0,1;24,8;23,3;29,4;22,9;29,3;22,5;28,3
"A713";2010;2021;39,1;34;20,2;32,9;20,6;31,9;21,1;-0,1;24,8;23,4;30;23,1;29,8;22,7;28,9
"A712";2010;2021;41,2;35,4;25,9;33,6;25;31,9;25,3;1;31;27,1;32,5;26,4;31,7;25,8;30,6
"A711";2010;2021;38,7;33,5;17,8;32,3;18,8;31,3;19,3;1,8;23,9;22,5;29,1;22,2;28,6;21,8;27,9
"A710";2010;2021;41,4;37,4;20,4;36,2;21;35,2;21,4;2,6;26,4;24,8;31,9;24,4;31,5;24,1;30,8
"A709";2010;2021;41,1;37,1;21,7;36;21,6;35;22;2,4;26,7;25,2;32,7;24,8;32,2;24,4;31,2
"A708";2010;2021;37,9;33,1;17,2;31,8;17,7;30,9;18;5,1;23,8;21,9;28,1;21,5;27,3;21,2;27
"A707";2010;2021;41,8;36,5;20,7;35,4;21,1;34,3;21;2,3;26,6;24,5;30,5;24,1;30,4;23,8;30,1
"A706";2010;2021;43;27,2;17,6;26,2;17;25,4;17,1;-3,3;33,2;19,5;24;19;23,6;18,6;23,3
"A705";2010;2021;41,6;35,5;20;34,2;21,2;33,2;21,3;0,8;26,6;24,3;30,9;23,9;30,6;23,5;29,8
"A704";2010;2021;43,1;38,5;22,1;37,3;21,7;36,2;22,2;3,9;27,5;25,3;32,3;25;31,9;24,7;31,8
"A703";2010;2021;37,8;34,8;20,6;33,8;20,8;32,9;21,5;-0,3;27;25,1;30,8;24,3;30,1;23,7;29,7
"A702";2010;2021;41;36,7;19,3;35,5;20,3;34,4;20,7;3,1;31,9;26;30,6;24,7;31,1;24,2;30,4
"A701";2010;2021;38,4;33,5;19;32,4;19,5;31,5;19,1;4;24,5;22;29;21,6;27,6;21,2;27,5
"A667";2015;2021;38,3;35,7;25,4;34,8;24,5;33,8;24,7;9,7;28,3;26,5;33,4;26;32,5;25,5;32,2
"A659";2015;2021;40,9;37,2;24,8;36,1;25,1;35;24,7;8,1;28,5;26,5;34,2;26,1;33,8;25,6;33,3
"A657";2011;2021;45;36,7;28,3;33,8;22,6;32,5;22,1;9,6;35,7;29;32,7;26,3;34,3;23,5;29,5
"A652";2010;2021;39,7;34,3;25,2;33;24,9;31,9;24,7;14,4;32,3;26,9;32,7;26,3;31,5;25,7;30,5
"A636";2017;2021;40,1;36,2;23,8;34,9;22,9;33,7;23,5;8,4;27,4;25,4;32,7;24,9;31,3;24,5;30,6
"A635";2017;2021;23,6;20,6;13,3;19,8;13;18,9;13,1;-9,9;16,9;15,3;18,6;14,9;17,9;14,4;17,3
"A634";2017;2021;37,4;34;25,3;33,1;25,2;32,3;25,1;12,9;28,5;26,3;32,5;25,8;31,3;25,4;31,4
"A633";2017;2021;36,5;32,1;20,5;31,1;20,6;30,3;21;5,5;25,2;23,1;29,8;22,5;28,4;22,1;28,1
"A632";2017;2021;40,3;36,2;24,3;35,3;24,5;34,5;24;10;27,4;26,1;33,1;25,6;32,7;25,2;31,7
"A631";2017;2021;39,1;36,2;23,7;35,3;23,6;34,4;23,9;11,2;27,5;25,8;33,5;25,4;32,5;25;31,6
"A630";2018;2021;35,5;32,5;23;31,6;23,3;30,6;23,1;5,9;26,5;24,8;30,4;24,3;29,7;23,8;29
"A629";2018;2021;39,6;36,1;24;34,9;23,4;33,9;23,4;3,8;32,5;25,5;31,6;24,9;31,7;24,5;30,2
"A628";2017;2021;39,5;35,2;26,1;33,9;26,4;32,6;25;9,1;29,6;27,3;34;26,8;32,7;26,3;31,8
"A627";2018;2021;41,4;37,9;24,9;36,7;24,8;35,4;24,4;12,2;34,9;26,6;34,4;26,1;33,7;25,7;32,6
"A626";2016;2021;38,3;35,1;22,7;33,9;22,9;32,7;22,5;4;26,2;24,8;31,9;24,3;31,3;23,9;30,9
"A625";2016;2021;39;36;24,6;34,9;23,9;33,8;23,7;5,2;27,7;26;32,4;25,5;32;25,1;31,3
"A624";2010;2021;33,2;29,2;19,8;28,2;20,2;27,3;20;-1,1;24,4;21,7;27,1;21,2;26,4;20,7;25,6
"A623";2010;2021;42,3;36;23;35,1;23;34,3;22,8;9,9;27,3;25,2;31,6;24,7;31,5;24,3;30,7
"A622";2010;2021;40,2;35,3;23,4;34,4;23,5;33,6;23,4;12,1;27,9;25,5;31,6;25;31,1;24,6;30,5
"A621";2010;2021;42,2;37,8;22,9;36,7;23,2;35,6;22,8;8,1;34,6;25,5;32;25,1;31,6;24,7;31
"A620";2010;2021;37,8;32,4;23,9;31,7;24;31,1;23,8;11,4;31,8;26,3;29,3;25,7;29,7;25,1;29,1
"A619";2010;2021;40,9;34,9;25,1;34;25,3;33;25,1;7,9;28,4;26,5;32,8;26;32,3;25,6;31,5
"A618";2010;2021;34,8;30;20,7;28,9;20,7;27,9;20,4;4,2;24,4;22,7;27,5;22,1;27;21,6;25,8
"A617";2010;2021;41,7;37,6;22,8;36,6;22,6;35,6;22,8;9,1;28,4;25,4;33,1;24,9;32,3;24,4;31,6
"A616";2010;2021;37,8;33,3;25,1;32,5;24,8;31,9;24,4;12;30,3;26,5;31,2;25,9;30,6;25,4;29,8
"A615";2010;2021;40,4;36,6;23,4;35,6;23,7;34,7;23,8;11,7;27,8;25,6;33,1;25,1;32,3;24,6;31,7
"A614";2010;2021;38,3;34,6;23,9;33,8;23,5;33,1;23,3;12,2;28,2;25,5;30,8;25;29,8;24,6;29,9
"A613";2010;2021;34,5;29,1;21,4;28,2;21,1;27,4;20,9;7,2;26,2;22,8;25,9;22,1;26,2;21,6;25,6
"A612";2010;2021;38,7;34,6;24,6;33,8;24;33;23,8;12;27,1;25,5;31,5;25,1;31;24,7;30,3
"A611";2010;2021;39,9;35;22,9;33,9;22,8;32,8;22,8;3,4;27,8;24,9;32;24,4;31,3;23,9;30,4
"A610";2010;2021;29,9;24,5;17,1;23,4;17,6;22,3;17;0,3;21,6;19,2;22,1;18,6;21,7;18;20,9
"A609";2010;2021;39,3;35,3;21,4;34,2;21,3;33,2;21,6;4,2;25,3;23,9;31,4;23,5;30,8;23,1;30,1
"A608";2010;2021;40,8;35,7;23,9;34,4;23,6;33,3;23,8;10,3;28,2;26,2;32;25,7;31,4;25,2;30,9
"A607";2010;2021;40,5;35,8;24,5;34,7;24,3;33,8;24,1;9,8;27,5;25,7;32,3;25,3;31,7;24,9;31
"A606";2010;2021;35,1;30,4;24,8;29,5;24,9;28,9;24,3;12,9;29,9;26,4;28,8;25,7;28,3;25,2;27,9
"A604";2010;2021;41,2;37,1;24;36;24,2;35;24;7,3;32,5;26,5;33,4;25,9;32,5;25,4;32,1
"A603";2010;2021;41,1;37,3;24,5;36,3;24,7;35,2;24,5;2,9;31,3;27,1;33,5;26,4;33,2;25,8;32,6
"A602";2010;2021;42,4;36,9;23,6;35,3;23,6;33,8;23,5;10,1;36,1;26,3;31,3;25,8;31;25,3;30,2
"A601";2010;2021;41,7;37,6;24,3;36,4;24,7;35,2;24,3;8,2;29;26,7;33,8;26,1;33,2;25,6;32,6
"A571";2018;2021;40,2;36,3;17,7;35,2;18,4;34,1;18,4;9,3;24;23,1;30,2;22,8;29,6;22,5;29
"A570";2017;2021;35,6;32;18,5;31,2;18,7;30,2;19,8;2,9;23,5;22,2;27,1;21,9;27,4;21,5;27,2
"A569";2016;2021;37,5;34,7;18,8;33,5;19,8;32,5;20;3,9;24,9;23,3;30;22,8;29,4;22,4;28,9
"A568";2017;2021;39,2;35,6;19,6;34,4;19,2;33,3;19,8;1,3;25,3;23,7;29,6;23,4;29,5;23,1;29
"A567";2017;2021;36,4;32,6;19,1;31,3;19,4;30,4;19,5;3,8;23,9;22,6;28,7;22,1;28,1;21,7;27,6
"A566";2017;2021;42,3;37,9;19,2;36,9;19,9;35,9;20,1;7,6;26,6;24,1;27,6;23,7;28,2;23,3;28,3
"A565";2016;2021;38,8;34,7;20,8;33,4;21,3;32,4;21,4;-0,5;25,6;23,9;30,2;23,6;29,8;23,2;28,8
"A564";2017;2021;38,1;34,4;19,4;33,2;20,4;32,3;20,9;3,8;24,6;23,6;29,1;23,2;28,2;22,9;28,2
"A563";2016;2021;41,3;38;21,1;37,1;20,9;36,1;21,3;9,5;31,6;24,5;30,5;24,1;30,6;23,8;30,4
"A562";2017;2021;38,9;34,1;18,1;32,8;18,2;31,6;18,7;5,1;23,8;22,6;29;22,2;28,3;21,9;27,9
"A559";2016;2021;41,3;38,3;20,2;37,2;20,2;36,1;20,4;9,4;28,1;25,4;30,6;25;30,3;24,6;29,7
"A557";2012;2021;40,6;36,8;23,1;35,6;23,5;34,5;23,7;5,2;27,8;26;33;25,5;32,6;25;31,4
"A556";2010;2021;36,4;31,6;20,4;30,5;20,3;29,5;20,3;4,3;24,3;22,3;28,6;21,9;28,1;21,5;27,5
"A555";2010;2021;36,7;31;17,2;29,8;17,6;28,9;18,3;6,4;22,2;20,9;26,4;20,5;26;20,2;25,7
"A554";2010;2021;40,2;35,4;22,3;34,3;22,3;33,3;22,6;6,6;29,4;25,3;30,8;24,8;30,3;24,3;29,6
"A553";2010;2021;37,8;33,9;17,2;32,7;17,4;31,7;18,1;8,1;23,1;21,8;27,6;21,5;27,4;21,2;27,2
"A552";2010;2021;42,1;37,4;19,8;36,4;19,5;35,4;19,9;6,4;29;24;29,3;23,5;29,1;23,1;29
"A551";2010;2021;38,2;34;18,2;32,8;18,6;31,9;18,4;5;27,5;24;27,6;22,8;27;22;27,3
"A550";2010;2021;42,5;38,1;20,7;37;20,9;36,1;21,2;10,5;26,6;24,7;32;24,1;30,7;23,7;30,7
"A549";2010;2021;40,3;34,4;19,1;33,3;19;32,2;18,9;3,8;24,1;22,3;27,8;21,9;27,4;21,5;27,2
"A548";2010;2021;38,4;35,1;17,3;33,9;17,8;32,9;18,3;9,5;23,5;22,2;28,4;21,9;27,9;21,6;27,5
"A547";2010;2021;45;39;19,7;37,7;20,2;36,5;20,9;6,1;44,1;26,4;31;25,6;30,8;25;31,1
"A546";2010;2021;37,6;33,6;17,5;32,2;18,1;31;18,2;6,2;23,6;22,4;28,4;22;27,6;21,7;27,3
"A545";2010;2021;44,8;37,5;19,7;36,1;20,4;34,9;20,6;4,5;40,5;24,5;31,7;23,8;30,6;23,4;30,1
"A544";2010;2021;40,1;34,9;17,1;33,6;17,8;32,4;18,2;7,6;24,6;22,5;28,7;22,1;28,1;21,8;27,6
"A543";2010;2021;43,1;36,6;18,5;35,5;18,9;34,6;19;10,6;27,5;23,8;28,6;22,8;27,9;22,2;27,2
"A542";2010;2021;41,3;37,1;18,4;35,8;18,8;34,5;19,5;8;33;23,6;30,2;23,3;29,6;23;29,3
"A541";2010;2021;36,7;32,6;18,1;31,2;19;30,2;19,2;5,4;27,9;22;27,9;21,5;27,3;21,2;27,1
"A540";2010;2021;40,5;35,6;21,8;34,7;21,8;33,8;21,8;10,4;26,2;24,4;31,5;23,9;30,7;23,6;29,8
"A539";2010;2021;41,5;38;19,3;37;19,4;35,9;19,9;10,5;26,1;24,2;30,2;23,8;30;23,5;29,8
"A538";2010;2021;40,5;35,5;19,1;34,4;19,1;33,4;20,1;6;24,3;23,2;30;22,9;29,7;22,5;29
"A537";2010;2021;33;29,6;16,6;28,5;16,9;27,5;17,3;6,3;21,1;19,9;24,8;19,5;24,8;19,2;23,8
"A536";2010;2021;39,7;34,8;19,2;33,6;19,9;32,6;20,2;5,9;25,7;23,1;29,7;22,7;29,2;22,4;29
"A535";2010;2021;38,2;34,5;19,4;33,4;19,8;32,5;20;1,1;25;23,1;29,5;22,7;29,2;22,3;28,9
"A534";2010;2021;40,7;35,7;21,9;34,6;21,8;33,8;21,9;11,5;29,4;25,5;29,3;24,9;29,4;24,3;29,6
"A533";2010;2021;38,3;33,6;19,4;32,3;20,3;31,2;20,2;5,4;24,2;22,6;29,1;22,2;28,8;21,8;28,1
"A532";2010;2021;41;36,5;22,2;35,4;22,3;34,4;22,2;8,6;28,4;25,2;32,1;24,8;31,4;24,3;30,8
"A531";2010;2021;32,6;29,2;18,7;28,3;18,7;27,5;19;-5;22,5;20,9;26,4;20,6;26;20,2;25,4
"A530";2010;2021;35,2;31,1;18;30,1;17,9;29,2;19,1;-4,4;28,2;21,5;27,3;21,1;26,6;20,8;26,4
"A529";2010;2021;36,2;32,3;19,9;31,2;20;30,3;19,7;2,3;25,6;22,1;29,1;21,7;28,4;21,3;28,1
"A528";2010;2021;38,2;33,9;17,4;32,6;17,8;31,5;18,9;8;23,4;22,2;27,9;21,8;27,6;21,5;27,3
"A527";2010;2021;39;34,5;20,3;33,4;20,8;32,5;21;9,6;26,4;24;29,7;23,5;28,8;23,1;28,5
"A526";2010;2021;42,4;38,5;19,2;37,3;19,1;36,3;19,5;5,9;27,3;24,2;30,8;23,6;30,6;23,2;30,2
"A525";2010;2021;42,5;34,4;17,4;33,1;18,3;32,1;18,6;2;28,3;22,3;29;22;28,5;21,6;28,3
"A524";2010;2021;37,8;33,3;18,7;32,3;19,3;31,4;19,8;3,6;24,1;22,6;28,9;22,2;28,4;21,8;27,8
"A523";2010;2021;37,5;33,7;17,7;32,5;18,3;31,5;19;-0,2;23,7;22,4;28,4;22,1;28,1;21,7;27,6
"A522";2010;2021;39,2;35,3;22,2;34,3;22,6;33,4;22,3;11;26,8;24,6;31;24,2;29,8;23,9;29,7
"A521";2010;2021;38,4;33,6;18,2;32,3;19,2;31,4;19,5;7,2;24;22,3;29,3;21,9;28,4;21,6;28,2
"A520";2010;2021;41,2;37,2;19,4;35,9;19,6;34,7;19,9;-0,9;25,7;24,2;31,2;23,8;30,6;23,5;30,3
"A519";2010;2021;43,4;37,8;19,7;36,5;19,5;35,3;19,9;1,8;37,9;28,8;32,9;26,6;31,1;24,5;30
"A518";2010;2021;35;30,7;20,5;29,7;20,4;28,8;20,4;5,6;23,8;22,5;28;22;27,2;21,5;26,8
"A517";2010;2021;40,7;36,5;22;35,4;23,2;34,4;23;8,6;27,1;25,1;32,8;24,7;32,2;24,3;31,6
"A516";2010;2021;39,3;34,5;19,5;33,2;19,6;32,2;20;-1,4;24,5;23,1;29,7;22,8;29,5;22,4;28,6
"A515";2010;2021;36,2;32,5;18,3;31,4;18,8;30,5;18,9;0,8;23,9;22;27,8;21,6;27,3;21,3;26,9
"A514";2010;2021;37,8;32,7;19,3;31,7;19,8;30,9;19,2;1,4;26,4;22;28,7;21,6;28,4;21,2;27,9
"A513";2010;2021;38,6;32,6;20,9;31,2;20,1;30,1;20,1;5,1;30,3;25,8;30,6;22,2;28,1;21,4;27,2
"A512";2010;2021;41,7;38,3;19,3;36,7;19,6;35,2;20,2;-0,1;29,6;26,8;31,5;25,8;30;24,6;29,9
"A511";2010;2021;38,5;34;22;32,7;21;31,7;21,4;10,1;25,6;23,9;30,6;23,4;29,8;23;28,9
"A510";2010;2021;38,2;33;21,1;31,7;21,3;30,8;21,2;3;25,1;23,2;29,4;22,7;28,8;22,3;27,9
"A509";2010;2021;31;27,4;17,4;26,4;17,2;25,5;17,2;-4,5;21,8;19,5;24,5;19,1;24;18,7;23,5
"A508";2010;2021;42,1;36,6;21,4;35,8;21,4;35;21,6;11,4;28;25;30,3;24,5;29,8;24;29,4
"A507";2010;2021;38,5;34,8;17,6;33,6;17,9;32,5;18;4,7;24,1;22,3;27,8;22;27,6;21,7;27,6
"A506";2010;2021;40,7;36,5;19,1;35,4;19,4;34,3;19,4;9,2;27,5;23;29,6;22,6;28,8;22,2;28,7
"A505";2010;2021;37,2;33,2;17,7;32;18,4;31,1;18,7;6,3;23,9;21,8;27,7;21,4;27,6;21,1;27,5
"A502";2010;2021;34,6;30,5;18,7;29,5;19,4;28,6;19,4;3,9;29,4;21,7;27,3;21,2;26,8;20,7;26,6
"A458";2018;2021;40,2;37,2;23,1;36,4;22,5;35,7;22,6;14,2;27,1;25,3;31,1;24,9;30,9;24,6;30,6
"A456";2018;2021;37,1;34,8;25,6;34;25,3;33,2;25,2;18,4;29;27,2;31,9;26,8;31,6;26,4;30,9
"A455";2016;2021;38;34,8;25,1;33,6;24,8;32,6;24,6;12,3;27,6;26,1;32,3;25,7;31,4;25,3;30,4
"A454";2016;2018;38,8;37,1;19,6;36,6;20,5;35,9;20,3;11,2;24,8;23,8;29,1;23,4;28,2;23;28,5
"A453";2017;2021;39,9;36,5;23,4;35,7;23,4;34,9;23,2;15,8;26,3;25,2;31,4;24,9;31;24,5;30,8
"A452";2016;2021;43;39,3;20,9;38,4;20,6;37,4;21;9,1;33,9;26;31,3;25,5;31,1;25,1;30,7
"A451";2017;2021;38,9;35,1;24,3;34,1;24,1;33,3;23,9;16,6;27,2;25,3;32,3;25;31,7;24,7;30,2
"A450";2015;2021;40,3;37,3;20,5;36,4;21;35,6;21,1;13,5;26,9;24,6;29,6;24,1;29,1;23,7;28,9
"A449";2016;2021;39,6;37,2;20,7;36,5;21,2;35,8;21,2;13;28,7;26,8;32,8;26;32,1;25,2;31,5
"A448";2015;2021;39,5;37,5;19,9;36,8;20,4;36,1;20,3;15,5;27,4;23,9;29,2;23,6;29,6;23,2;29,1
"A447";2010;2021;37,7;33,9;24,3;32,9;24;32,1;23,9;11,4;27,3;25,5;31,3;25,1;30,1;24,8;29,8
"A446";2010;2021;40,3;36,3;21,8;35,3;21,8;34,4;21,8;10,3;26,2;24,2;30,4;23,8;29,9;23,5;30,1
"A445";2010;2021;39,9;35,4;22,7;34,5;22,9;33,6;22,8;10,6;28,6;24,9;30;24,5;29,7;24,2;29,5
"A444";2010;2021;35,9;32,2;24,1;31,5;24;30,9;23,9;13;28;25,8;29,4;25,3;29,1;25;29
"A443";2010;2021;38,7;35,5;18,6;34,5;18,8;33,7;18,7;9,9;28,1;22,3;28,2;21,8;27;21,5;27,1
"A442";2010;2021;41,2;36,2;20,5;35,3;20,6;34,6;20,6;13,4;26,6;23,9;28,8;23,4;28,4;23,1;28,1
"A441";2010;2021;39,7;35,6;21,2;34,8;21,4;34,2;21,2;12,2;26,6;24,2;29,5;23,8;29,1;23,5;28,6
"A440";2010;2021;40,3;35,6;20,5;34,6;20,1;33,8;20,1;10;25,6;23,4;28,8;23,1;28,6;22,7;28,1
"A439";2010;2021;42,9;39,6;19,2;38,7;19,7;37,7;20,1;12,1;27,4;24,6;31,2;24,2;30,9;23,8;30,4
"A438";2010;2021;34;31,7;24,9;31,3;24,2;30,9;24,2;17,1;29,2;26,1;30;25,7;29,7;25,4;29,2
"A437";2010;2021;34,6;32,2;24,8;31,6;24,5;31;24,1;14,9;27,9;25,6;30,2;25,3;29,7;25;29,3
"A436";2010;2021;40,8;37,2;20,5;36,4;20,9;35,6;20,9;14,6;25,9;24;29,9;23,7;29,5;23,3;29,1
"A435";2010;2021;38,4;36;20,7;35,2;20,7;34,5;20,4;13,1;26,4;23,9;29,7;23,5;29,3;23,1;29,1
"A434";2010;2021;38,3;33,6;22,1;32,7;21,9;31,9;22,2;14,6;27,1;23,8;29,8;23,5;29,2;23,2;28,7
"A433";2010;2021;41,4;37;20,4;36,1;20,4;35,2;20,4;10,6;27,5;24,5;31,1;23,7;30,4;23,1;29,2
"A432";2010;2021;40,3;37,6;20,8;36,8;21,2;36,1;21;11,6;26,4;25;30,9;24,6;30,4;24,2;30,5
"A431";2010;2021;37,3;32;25,1;31,6;25,2;31,3;24,9;16;29;27,2;30,3;26,7;30;26,3;29,3
"A430";2010;2021;33,8;30,1;16,2;29,1;16,7;28,3;16,4;9,6;21,1;19,7;25,3;19,3;24,4;19;24,3
"A429";2010;2021;40,6;38,4;22,3;37,6;22;36,9;22,2;12;27,5;25,2;31,1;24,9;31,2;24,6;31,1
"A428";2010;2021;38,8;35,2;20;34,2;20;33,5;20;13,9;25,3;23,1;28,7;22,7;28,1;22,4;27,7
"A427";2010;2021;37,7;33;24,5;32,2;24,3;31,4;24,1;11,9;30;25,6;30,2;25,2;29,7;24,8;29,5
"A426";2010;2021;40,6;36,9;18,8;35,9;18,6;35;19,1;15,3;24,3;22,9;28,8;22,6;28,5;22,2;28,2
"A425";2010;2021;41,6;35,9;21,6;34,9;21,4;34,1;21,3;12,8;26,3;24,4;30,5;24;29,8;23,6;29,3
"A424";2010;2021;38,4;35,2;18,7;34,4;19,2;33,7;19;11;26,1;22,7;27,6;22,3;27,9;21,9;27,8
"A423";2010;2021;39;36,3;19,9;35,6;20;34,9;20;16,5;25,9;24;29,5;23,7;29,4;23,4;29,3
"A422";2010;2021;32,7;30,3;24,8;29,8;25;29,3;24,6;18,6;29,6;25,8;28,8;25,5;28,6;25,1;28,2
"A421";2010;2021;37;33,4;25,6;32,8;25,2;32,4;25,1;16,1;31,4;27,1;31,9;26,6;31,2;26,3;30,8
"A420";2010;2021;40;36,1;22,4;35,2;22,4;34,5;22,2;13,1;30,9;25,4;30,5;24,7;29;24,3;28,7
"A419";2010;2021;39,9;35,6;21,1;34,7;21,4;34;21,6;13;27,3;24,2;29,4;23,8;29,2;23,5;28,8
"A418";2010;2021;41,7;38,9;21,8;38;22,1;37,1;21,6;13,4;27;25,7;31,8;25,4;31,8;25;31,3
"A417";2010;2021;39;34,2;23,1;33,3;22,8;32,6;22,7;16,1;31;25,7;30;25;29,3;24,6;29
"A416";2010;2021;41,2;38,1;21,7;37;22;35,9;21,8;8,1;27;25,4;32;25,1;31,3;24,8;31,1
"A415";2010;2021;41,6;38,4;20;37,5;19,9;36,6;20,1;10,8;26,4;24,7;30,7;24,3;30,3;24;30,1
"A414";2010;2021;36,9;32,4;19,6;31,3;19,4;30,4;19,8;7,9;24,4;22,5;27,9;22;26,9;21,6;26,5
"A413";2010;2021;39,4;35,8;22;35;21,8;34,2;21,8;12,8;26,5;24,4;29,3;24,1;28,9;23,8;29,3
"A412";2010;2021;41,5;36,1;21,3;35,2;21,4;34,5;21,4;11,9;34,3;25,2;29,4;24,3;29,4;23,7;29,5
"A410";2010;2021;35,2;31,6;24,4;30,8;24,2;30,2;24;13,8;28,7;25,4;29,8;25;29;24,7;29
"A409";2010;2021;41;32,7;24,5;32,2;24,4;31,8;24,1;19,1;34,7;27,3;30,5;26,5;29,7;25,9;29,6
"A408";2010;2021;41,3;36,4;23,8;35,6;23,4;35;23,2;13,6;27,5;25,7;31,4;25,3;30,9;24,9;30,6
"A407";2010;2021;44,1;32,4;19,8;31,4;20,1;30,6;20,1;11,6;37;22,3;27,9;21,9;27,3;21,6;26,6
"A406";2010;2021;39,3;34,2;22,6;33,3;22,6;32,6;22,4;15,6;26,8;24,8;28;24,4;28,3;24,1;28,1
"A405";2010;2021;36,1;32,7;24,5;32,1;24,5;31,5;24,3;14;28,4;25,9;30,5;25,5;29,7;25,2;29,5
"A404";2010;2021;39,9;35,7;18,7;34,9;18,8;33,9;19;9,1;29,1;23,5;29,1;23,1;28,9;22,8;28,6
"A402";2010;2021;41;38,1;20,7;37,3;20,6;36,3;20,8;10,9;29,2;25,5;31,1;24,9;31;24,5;30,5
"A401";2010;2021;36,4;33,2;24,9;32,6;24,8;32,1;24,8;18,7;27,7;26,1;30,9;25,8;30,5;25,5;30,6
"A377";2019;2021;39,8;38,3;20,7;37,3;21,7;36,3;22;14,8;26,9;25,8;32,1;25,4;31,7;25,1;30,9
"A376";2018;2021;40,5;38,9;21;37,9;21,3;36,8;21,3;18,5;26,4;25,5;30,9;25,2;30,6;25;30,6
"A375";2018;2021;39,1;36,8;20,6;36,2;20,5;35,6;20,5;15,1;28,2;24,5;30,6;24,1;30,3;23,8;29,3
"A374";2018;2021;40,3;38,2;20,9;37,4;20,7;36,6;20,7;11,5;27,2;25,3;31,3;24,9;30,4;24,5;30,4
"A373";2017;2021;39,5;37,4;21,1;36,9;21,1;36,2;21,1;10,6;26,4;25,2;30,9;24,8;30,6;24,5;29,9
"A372";2017;2021;41,8;37,7;23,8;37,3;23,5;36,8;23,7;-9,5;29,7;27;32,9;26,6;31,9;26,2;31,7
"A371";2017;2021;41,1;38;22,9;37,2;22,9;36,5;22,9;16,3;31,1;25,3;31,4;24,9;30,8;24,6;31,3
"A370";2017;2021;39,6;37,2;20,5;36,6;20,5;35,8;20,6;12,9;30,3;27,2;31,3;26,7;30,6;26;29,8
"A369";2018;2021;38,3;36,8;21,8;36,2;21,9;35,6;22;17,3;30,7;25,5;30,2;25,2;30,5;24,8;29,6
"A368";2018;2021;33,3;31,8;20,2;31,4;20,5;30,9;20,5;13,2;28,1;23,2;27,3;22,9;27,3;22,6;26,7
"A367";2010;2021;37,6;35,4;21,7;34,9;21,6;34,4;21,6;15,4;25,1;24,1;29,8;23,8;29,6;23,6;29,2
"A366";2010;2021;39,4;36,9;19,3;36,1;19,6;35,4;19,5;13,9;29,7;23,7;28,1;23,3;28,2;22,9;28
"A365";2010;2021;40,2;38;19,8;37,3;19,9;36,7;19,8;14,6;29,8;24,5;29,9;24,2;29,5;23,9;29,3
"A364";2010;2021;45;40,4;21,8;38,9;21,1;37,8;21;15,9;32,7;25,9;32,4;25,4;31,2;25;30,8
"A363";2010;2021;42,2;39,1;20,5;38,4;20,7;37,6;20,7;16,5;29,1;25,2;31,3;24,8;31,1;24,4;30,5
"A362";2010;2018;40,3;38,2;20,5;37,5;20,5;36,8;20,8;17;27,5;25,2;31,5;24,9;31;24,7;30,6
"A361";2010;2021;41;38,8;20,4;38,1;20,5;37,4;20,5;14,9;29,1;27,3;31,5;26,7;31,1;25,9;30,1
"A360";2010;2021;37,7;35,5;22,8;34,9;23;34,4;23,3;19,7;31,4;27,2;30,1;26,6;29,9;26,1;30
"A359";2010;2021;40,8;36,2;21,8;35,6;22,1;35;22,2;19,6;31,1;26,1;30;25,6;30,2;25,2;30,1
"A358";2010;2021;40,6;38,8;21,4;38,2;21,3;37,7;21,3;19,8;26,9;25,3;31,8;25;31,8;24,6;30,9
"A357";2010;2021;44,7;34,7;23,5;34;23,5;33,3;23,5;16,7;32,6;26,3;30,9;25,6;30,5;25,2;30,2
"A356";2010;2021;37,3;33,4;24,9;32,8;24,6;32,2;24,5;16,2;28,5;26,8;29,8;26,3;29,8;25,9;29,9
"A355";2010;2021;43;37,3;29,4;35,7;28,1;34,3;26,9;18;32,7;30,6;34,7;30;33,9;29,1;32,9
"A354";2010;2021;42,3;40;20,5;39,1;21;38,3;21,2;11,6;29,6;26,6;31,5;26,2;31,4;25,8;31
"A353";2010;2021;39,8;35,4;20,4;34,6;21,1;33,8;21,1;15,1;30,4;24,7;29,9;24,3;29,6;24;29,7
"A352";2010;2021;34;32;23,2;31,6;23,2;31,2;23,3;18;27,3;25,2;28,9;24,9;28,7;24,6;28,7
"A351";2010;2021;41,3;38,1;20,4;37,3;20,7;36,6;20,8;14,8;26,7;23,8;30,1;23,5;29,6;23,1;29,2
"A350";2010;2021;40;36,5;18,4;35,8;18,5;35,2;18,8;14,8;29;22,9;29,7;22,5;29,1;22,2;28,5
"A349";2010;2021;40,2;37,2;19,6;36,5;19,7;35,8;19,7;12,5;26,2;23,3;30;22,9;29,3;22,6;28,8
"A348";2010;2021;38,4;35,7;21;35,1;20,8;34,6;20,9;13,1;25,3;23,6;27,9;23,3;28,5;23;28
"A347";2010;2021;38,3;36;22,1;35,4;21,4;34,7;21,7;0;32,3;29,3;34,4;27,9;32,9;26,3;31,1
"A346";2010;2021;40,8;38;19,9;37,2;19,9;36,4;20;16,3;26,4;24,5;30,8;24,2;30,2;23,9;29,8
"A345";2010;2021;40,5;38,4;20,6;37,6;20,2;36,9;20,4;11,1;28,8;26,4;31;25,7;30,5;25;30
"A344";2010;2021;34,7;31,6;25,7;31,3;24,9;31,1;24,6;19,7;30,7;27;29,7;26,2;30,3;25,8;30,1
"A343";2010;2021;43,5;39,4;20,7;38,7;20,9;38;21;14,8;27,5;25,7;30,6;25,3;30,3;24,9;30,2
"A342";2010;2021;44,1;37,9;21;37,4;21,1;36,9;21;17,5;26,6;25,3;31;24,9;30,6;24,4;30,3
"A341";2010;2021;35,9;33,3;20,2;32,6;20,4;31,9;20,4;9,6;26,8;22,9;27;22,5;27,4;22,2;26,9
"A340";2010;2021;41;37,6;21,5;37,2;21,6;36,8;21,5;17,6;30;25,5;30,3;25;29,8;24,7;29,9
"A339";2010;2021;38,6;36,8;22,6;36,4;22,6;35,9;22,4;17,9;27,8;25,7;31;25,4;30,9;25,2;30,4
"A338";2010;2017;43,8;39,9;21,5;39,2;21,8;38,6;22,2;17,4;28,9;26,5;32,3;26,2;32,3;25,9;31,9
"A337";2010;2021;39,9;37,4;21,1;36,6;21,2;35,9;21,3;11,6;27,9;26,1;30,5;25,7;30,4;25,3;30,4
"A336";2010;2021;41,7;39;19,8;38,3;20,1;37,6;20,1;13,5;31,4;25,7;30,8;25;30,6;24,6;30,1
"A335";2010;2021;42,8;39,5;21,9;38,7;21,5;38,1;21,4;17,7;28;26,5;32,1;26,2;31,8;25,8;31,4
"A334";2010;2021;37,2;35;19;34,5;19;33,9;19;12,3;24,6;22,4;27,9;22;27,9;21,8;27,3
"A333";2010;2021;39,3;37,5;19,8;36,9;20,2;36,4;20,1;14,6;26,3;24,8;30;24,4;30,1;24,1;29,8
"A332";2010;2021;41,3;37,6;21,6;37,1;21,9;36,7;22,1;15,2;28,3;26,3;30,4;25,9;30,4;25,6;30,3
"A331";2010;2021;41;39;20,2;38,2;20,2;37,5;20,4;15,5;30,3;24,6;30,8;24,3;30,8;24;30
"A330";2010;2021;40,8;37,8;20;37,1;19,9;36,4;20;18,1;29,5;24;30;23,6;29,3;23,3;28,9
"A329";2010;2021;39,7;37,3;20,6;36,4;20,8;35,6;20,7;15,9;29,7;24,6;31,3;24,2;30,4;23,8;30
"A328";2010;2021;38,1;34,3;21,3;33,7;21,1;33,1;21,1;15,6;27;23,6;29;23,3;28,2;23,1;27,8
"A327";2010;2021;40,1;36,2;22,7;35,3;22,3;34,6;22,5;15,6;33,2;26,4;29,9;25,2;30,4;24,6;30,1
"A326";2010;2021;41,9;39,5;19,7;38,8;19,9;38;20,1;13,6;31,4;25,1;31,3;24,7;31;24,4;31
"A325";2010;2021;38,5;36,9;20,7;36,5;20,6;36;20,6;17,2;29,5;24,5;30,2;24,1;29,5;23,8;29,3
"A324";2010;2021;42,8;36,9;20;36,3;20,2;35,7;20,1;16,1;33,1;24,7;29,4;24,3;29,2;23,9;28,7
"A323";2010;2021;42,8;38,5;21,7;37,6;21,8;37;21,8;16,3;33,3;25,6;30,2;25,2;29,8;24,8;30
"A322";2010;2021;36;32,1;19,4;31,2;19,6;30,4;20;13,8;26,9;22,7;25,8;22,2;25,9;21,8;25,7
"A321";2010;2021;39,7;38,2;21,1;37,7;20,2;37,1;20;17,2;29;25,3;30,9;24,6;29,7;24,1;29
"A320";2010;2021;34,5;32,2;24,6;31,9;24,6;31,6;24,5;19,3;27,3;25,8;30,4;25,5;30,5;25,3;30,1
"A319";2010;2021;40,4;37,3;20,2;36,7;20,3;36,2;20,5;15,7;31,8;26,5;30,7;25,7;29,8;25;29,9
"A318";2010;2021;39,1;34,9;23,5;34,4;23,4;33,9;23,3;16,9;31;26,4;29,6;26;29,7;25,6;30,1
"A317";2010;2021;38,9;36,2;22,5;35,5;22,3;35;22,9;18,2;35,4;32,3;33,1;30,7;31,7;29,4;30,1
"A316";2010;2021;40,1;38,3;20,9;37,8;21;37,3;20,9;18,2;26,4;24,8;31,2;24,5;30,2;24,2;29,6
"A315";2010;2021;39,2;37;19,9;36,3;19,9;35,5;20,1;15,4;27,5;25,2;30,7;24,6;30,5;24,1;30
"A314";2010;2021;31,8;29,4;20,4;28,7;20,1;28,1;20,1;15,8;24,2;22,4;25,5;22,2;25,6;21,9;25
"A313";2010;2021;39,5;32,9;21,5;32,4;21,3;31,9;21,4;15,8;25,5;23,6;29;23,3;28,2;23;27,9
"A312";2010;2021;41,7;39;22;38,3;22;37,6;22;15,8;29,1;26,6;31,2;26,3;31,3;26;31,2
"A311";2010;2021;42;39,7;21,5;39;21,8;38,2;21,8;17,2;27;25,8;32,3;25,5;32;25,2;31,6
"A310";2010;2021;34,2;31,4;21,7;30,7;21,5;30,1;21,5;16,3;24,8;23,6;27,5;23,2;27,5;22,9;26,9
"A309";2010;2021;37,4;35,2;19,4;34,4;19,4;33,8;19,3;10,5;25;22,7;28,5;22,2;28,4;21,9;28,2
"A308";2010;2021;41,8;37,1;26,1;36,3;26;35,6;25;18;33,7;28,8;31,8;28,1;32,6;27,7;32,3
"A307";2010;2021;43,3;37;20,7;36,2;20,5;35,6;20,5;16,9;32,2;23,2;29,9;22,9;30,1;22,6;29,7
"A306";2010;2021;40;38,2;22,3;37,7;22,3;37,2;22,4;17,1;34,2;27;30;26,5;29,5;26;29,2
"A305";2010;2021;34,5;33,1;23,4;32,7;23,6;32,4;23,6;11,8;30,9;25,7;30;25,4;30,2;25,2;29,9
"A304";2010;2021;34,5;31,4;25,4;31,1;25,4;30,9;25,2;20;27,7;26,3;30,4;26;30,3;25,8;30
"A303";2010;2021;36,3;32,9;24,6;32,3;24,2;31,8;24,1;16,4;27,8;25,7;30,9;25,3;30,1;25;29,6
"A302";2010;2020;34,7;31,1;28,4;30,3;27,5;29,7;26,7;21,2;32,7;29,4;30,1;28,2;28,8;27,7;28
"A301";2010;2021;35,2;32,9;24,7;32,4;24,3;32;24,2;17,8;30,8;26,7;29,3;26,1;29,6;25,6;29,6
"A256";2021;2021;39,2;37,6;23,6;36,9;22,6;36,1;21;16,2;26,7;25,9;31,3;25,7;31,1;25,5;30,6
"A255";2019;2021;37,2;35,9;24,6;35,3;24,9;35;24,8;20;27,6;26,7;31,6;26,5;31,7;26,3;31,5
"A254";2019;2021;39,5;38,1;22,4;37,5;22,7;36,7;22,4;16,3;32,3;26,2;33,5;26;32,6;25,9;32,3
"A253";2018;2021;35,1;33,6;24,9;33;24,6;32,3;24,7;20,4;27,5;25,9;30,7;25,7;30,5;25,5;30,6
"A252";2018;2021;39,5;34,5;23,3;34;23,4;33,5;23,8;17,6;30,4;25,9;30,4;25,5;30,4;25,3;30,5
"A251";2017;2021;37,7;34,7;24,1;34,1;24,3;34;24,3;20,6;31,7;25,7;30,9;25,3;31,4;25,1;32,2
"A250";2015;2021;35,5;33,4;24,3;32,8;24,3;32,2;24,6;20,2;26,7;25,6;30,4;25,4;30,3;25,3;30
"A249";2013;2021;34,9;33,7;24,8;33,4;24,8;33;24,7;21,2;27,6;26;30,8;25,8;30,5;25,7;30,8
"A248";2011;2021;37,8;35,3;23,3;34,6;23,7;34;23,9;18,6;28,8;26,5;30,1;26;30,3;25,7;30,2
"A247";2016;2021;38,5;36,6;22,8;36;22,4;35,2;22,3;13,1;30,5;26,1;31,5;25,9;31,4;25,7;31,3
"A246";2010;2021;37,5;34,9;23,2;34,1;23,7;33,4;23,9;17,6;29,3;27,3;30,7;26,7;30,5;26;30,3
"A244";2019;2021;36,1;35;23,6;34,5;24,1;33,8;24,2;20,5;26,5;25,7;30,8;25,5;30,7;25,4;30,6
"A242";2010;2021;37;34,9;26,1;34,2;26,4;33,5;26,5;19,4;31,3;29,6;32,3;29,2;32;28,8;31,5
"A241";2010;2021;42,3;38,1;20,9;37,4;21,3;36,6;21,4;13,2;35;26,1;32,4;25,8;32;25,5;31,9
"A240";2010;2021;38;35,5;21,9;34,8;22,4;34,2;22,8;16;27,8;26,1;31,6;25,7;31;25,5;31
"A239";2012;2021;36,3;34,4;24,3;34;24,3;33,5;24,6;19,7;27;25,8;31,3;25,5;31;25,4;30,9
"A238";2010;2021;44,1;35,7;21,8;35,1;21,8;34,6;22,1;15,7;34,7;26,3;29,8;25,3;30,3;24,9;30,8
"A237";2010;2021;40,6;38,4;22;37,7;22,3;37;22,5;14,8;29,8;28,2;31,5;27,7;31,3;26,9;30,9
"A236";2010;2021;40,9;34,2;24,5;33,8;24,6;33,4;24,7;20,9;28,9;26,1;31,8;25,9;31,6;25,7;31,5
"A235";2010;2021;41,9;34,9;24,1;34,3;23,9;33,8;23,9;17,5;33;29,4;30,8;27,6;29,9;26,6;30,5
"A234";2010;2021;38,7;35,7;22,9;34,6;22,6;33,5;23,5;15,6;28,2;26,3;30,4;25,9;30,4;25,6;30,4
"A233";2010;2021;42;38,9;21,2;38;21,3;37,1;21,3;12,8;29,6;25,8;32,9;25,5;32,6;25,2;32,1
"A232";2012;2021;39,8;36,5;25,2;35,9;25,2;35,2;24,9;19,9;31,9;27,4;31,7;26,7;32,5;26,2;32,1
"A231";2010;2021;41,1;35,9;27,2;35,2;26,8;34,6;27,1;19,7;31,5;29,5;34,1;29,1;34,3;28,8;33,6
"A230";2010;2021;33,6;31,3;21,4;30,6;21;30;21,2;16,8;25,9;23,7;28;23,4;27,8;23,2;27,8
"A229";2010;2021;37;34,6;23,9;34;23,9;33,4;24,1;20,1;28,2;26,4;30,3;26;30,1;25,8;29,9
"A228";2017;2021;35,6;34,2;25,5;33,7;25,4;33,3;25,4;20,5;27,8;26,4;32,1;26,2;32,2;26;31,8
"A227";2010;2021;33,6;32,1;25,5;31,9;25,5;31,6;25,4;21,2;27,5;26,5;30,7;26,2;30,6;26;30,4
"A226";2010;2021;45;34,7;25;34,1;25;33,5;25;-5,6;43,8;26,8;31,3;26,5;31,3;26,3;31,3
"A225";2010;2021;40,2;37,9;21,7;37,2;22,2;36,5;21,8;14,9;28,9;27,1;32,2;26,6;31,7;26,2;31,6
"A224";2010;2021;39,8;37,7;21,7;37;21,6;36,3;21,6;12,3;28,5;26,5;31,8;26,2;31,5;25,9;31,2
"A223";2010;2021;41,1;38,9;20,2;38,1;20,2;37,3;20;12,7;32,6;25,1;31,2;24,8;31,2;24,5;30,9
"A222";2010;2021;41;38,6;21,1;37,9;20,8;37,1;21;14,5;26,7;25,4;31,6;25,1;31,1;24,7;31
"A221";2010;2021;43,5;37,8;21,5;37,2;21,7;36,5;21,7;15,2;27,3;25,6;31,4;25,4;31,3;25,1;30,8
"A220";2010;2021;42,9;37,8;22,8;37,1;22,9;36,4;23;-0,2;34,5;27;30,8;26,6;31;26,3;30,8
"A219";2010;2021;43,4;33,6;24,8;33,1;24,8;32,6;24,8;20,4;30,5;26,5;30,7;26,2;30,7;25,9;30,3
"A218";2010;2021;35,7;32;25,6;31,6;25,5;31,3;25,2;0;27,3;26,4;31,4;26,1;30,5;25,8;30,1
"A217";2010;2021;34,3;31,9;25,9;31,6;25,7;31,4;25,5;20,8;30,5;27;29,5;26,6;29,8;26,2;30,2
"A216";2016;2021;37,9;36,4;21,7;35,6;22,4;34,7;22,7;16,3;26,7;25,9;31,3;25,7;31,4;25,5;31,3
"A215";2010;2021;43;32,1;24,8;31,8;24,6;31,5;24,5;21;29;26,4;30,8;26,1;30,4;25,9;30,2
"A214";2010;2021;39,4;36,2;22;35,6;22,1;34,9;22,3;15,1;27;25,5;31,2;25,2;31,2;24,9;31,1
"A213";2010;2021;38,5;35,1;23,8;34,5;24,1;33,9;24,3;17,5;32,6;28;31,3;27,6;31,3;27,2;31,1
"A212";2010;2021;38;35,5;23,4;35;23,8;34,4;23,7;16,1;27,4;26,3;31,4;26,1;31,1;25,8;30,7
"A211";2010;2021;39,6;36,2;22,6;35,4;23;34,8;23,6;17,1;33,1;25,8;31,4;25,5;31,2;25,3;30,8
"A210";2010;2021;40,3;35;23,9;34,4;23,8;33,8;23,7;18,3;27,9;25,8;31,4;25,5;31,1;25,3;31,1
"A209";2010;2021;36,8;34,2;23,5;33,6;23,5;33;23,9;19,4;32;26,6;30,4;25,8;30,4;25,3;30,2
"A207";2010;2021;39,3;37,3;21,4;36,6;21,4;35,9;21,3;16;28,9;25,8;31,2;25,3;31,1;24,9;30,8
"A206";2010;2021;40,4;37,8;22,3;37,2;22,4;36,6;22,4;19,1;28,7;25,9;31,5;25,6;31,2;25,4;31,1
"A205";2010;2021;41,2;38,1;20,5;37,4;20,7;36,7;20,6;16,2;27,3;25,7;31,8;25,4;31,3;25,2;31,1
"A204";2010;2021;40,7;38,2;20,6;37,4;20,5;36,6;20,4;12,4;32,7;25,4;30,9;25,1;30,9;24,8;30,9
"A203";2010;2021;34,9;32,9;25,2;32,5;25,2;32,2;25,1;21,1;33,1;28;30,3;27,3;30;26,7;29,9
"A202";2010;2021;37,6;34,9;24;34,3;24,2;33,8;24,4;20,3;31,9;26,8;30,7;26,3;31,3;26;31
"A201";2010;2021;38,5;34,4;25,5;34;25,4;33,6;25,5;-5;28,3;26,9;32,2;26,6;32,1;26,4;32
"A144";2019;2021;37,6;35,4;31,3;34,7;30,6;34;29,9;18,9;33,6;31,3;35,5;30,6;34,7;29,9;34
"A140";2010;2021;37,8;35,5;23,3;34,7;23,6;33,9;23,6;5,8;28,9;26,3;31,3;25,9;31,4;25,5;30,9
"A138";2010;2021;37,4;35,1;24,8;34,3;25,1;33,6;25;9,5;32,9;27,6;31,3;27;31,1;26,5;30,7
"A137";2010;2021;41,1;35,9;25,2;35;25,1;34,2;24,7;10,9;33,6;27,3;34;26;31,7;25,5;32,5
"A136";2010;2021;37,6;35,1;24,5;34,4;24,6;33,7;24,6;11,6;28,3;26,2;32;25,9;31,7;25,7;31,6
"A135";2010;2021;39;36,7;23,2;36,1;23,5;35,4;23,6;20,3;27,2;25,4;32,4;25,2;32,3;25;32,1
"A134";2011;2021;37,7;34,6;25,4;34;25,5;33,4;25,6;18,8;30,9;28;31,5;27;31,5;26,6;31,7
"A133";2011;2021;39,5;36,6;24;35,7;25;34,9;25,2;17,1;28,3;26,8;33,1;26,5;32,9;26,3;32,5
"A128";2010;2021;39,6;35,9;25,7;34,8;26;34;26;-0,2;36;27,1;32,6;26,8;32,5;26,6;32,2
"A126";2010;2021;39,4;36,3;24,6;35,6;24,8;35;25,1;18,1;28;26,6;32;26,3;32;26,1;31,8
"A125";2010;2021;41,5;35,7;25;35,1;25,2;34,4;25,4;17,9;31,6;29,3;31,8;27,8;30,7;26,8;31,2
"A124";2010;2021;38,7;36,5;25,2;35,8;25,4;35,1;25,7;20,4;32;28,7;31,9;28,1;31,3;27,4;31
"A123";2010;2021;42,7;35,4;25,2;34,7;25,3;34,1;25,4;20,3;32,3;26,9;31,7;26,6;31,8;26,3;31,5
"A122";2010;2021;39,5;35,4;26,6;34,7;26,6;34;26,5;19,9;32,5;28,8;32,7;28,3;32,2;27,8;31,7
"A121";2010;2021;43,1;35,4;25,2;34,7;25,4;34;25,5;19,9;28,3;26,7;31,7;26,4;31,7;26,2;31,5
"A120";2010;2021;39,1;36,1;25;35,4;25,1;34,8;25,3;19,3;30,6;26,7;32,5;26,4;32,3;26,2;32,2
"A119";2010;2021;43,2;35,8;24,7;35,1;24,8;34,4;25;19,6;31,7;26,4;32,3;26,2;31,9;26;31,7
"A117";2010;2021;39;35,8;25,5;35;25,5;34,3;25,6;17,9;30,3;28,6;31,7;28;31,4;27,2;31,6
"A113";2010;2021;38,8;36,3;22,9;35,4;23,5;34,7;23,9;15,3;32;26,2;32,6;25,9;32,2;25,6;32
"A112";2010;2021;38,8;36,2;24,1;35,4;24;34,7;24,3;12,4;27,8;26,3;32,7;26;32,4;25,8;32
"A111";2010;2021;38,1;35,8;23,9;35,1;24,3;34,5;24,6;12;29,6;26,4;32,3;26,2;32,2;25,9;32
"A110";2010;2021;38,7;36;24,2;35,3;23,9;34,5;24,3;9,6;30,3;26,4;32,6;26,2;32,3;25,9;32
"A109";2012;2021;36,7;34,3;23,4;33,6;23,5;32,9;23,5;12,3;33;27,4;30,4;25,6;31,4;25;30,5
"A108";2015;2021;43,6;39,2;30,2;37,3;29,5;35,7;26,4;13,7;34,6;30,1;37,9;28,8;36,3;28,2;36
"A104";2010;2021;38,7;35,3;23,6;34,3;24,2;33,4;24,4;9;33;27,8;31;27;30,6;26,2;30,8
"A102";2010;2021;39;35,6;24,4;34,8;25;33,9;25,2;6;30;28,3;31,8;27,7;31,6;27,2;30,9
"A101";2010;2021;41,4;36,2;24,1;35,4;24,2;34,7;24,1;20,3;33;26,3;30,4;26;30,5;25,8;30,4
"A056";2018;2021;38,6;35;17,5;33,8;18;32,7;18,5;5,2;24,9;23;28,3;22,7;28,1;22,3;28
"A055";2016;2021;41,2;38,8;22,3;38;21,8;37,1;22,3;11,6;30;27,4;31,6;26,9;32,1;26,5;31,7
"A054";2015;2021;41,7;39,4;20,3;38,6;20,3;37,7;20,1;12,4;33,8;26,1;32;25,7;31,6;25,5;31,6
"A053";2016;2021;45;37,8;20,4;37;21,3;36,2;20,6;13,5;40;27,8;34,6;25,8;33,2;25,3;32,9
"A052";2015;2021;41,5;39;19,6;38,2;19,6;37,5;20,1;12,3;27,6;25,6;31,9;25,3;31,5;25;31,4
"A051";2016;2021;41,2;39,1;22,6;38,4;22,7;37,6;23,1;10,7;28,8;27,2;33,4;26,9;32,9;26,6;32,8
"A050";2016;2021;40,8;38,3;20,9;37,5;21,8;36,7;21,8;11,8;27,9;26,1;31,8;25,8;31,7;25,5;31,5
"A049";2016;2021;39;37,6;21,9;36,9;22,2;35,9;22,2;12,5;28,2;26,6;31,6;26,3;30,9;26;30,9
"A048";2016;2021;38,9;37,1;22,3;36,3;22,4;35,4;22,6;12,8;29,7;27,1;30,9;26,7;31,1;26,4;30,9
"A047";2017;2021;37,1;34,1;18,2;32,8;18,1;31,6;18,8;7,6;29,4;22,5;28,8;22;27,9;21,8;27,4
"A046";2014;2021;37,3;34,5;16,1;33,4;16,4;32,3;17,7;4,9;22,9;21,8;28,1;21,5;27,7;21,2;27,4
"A045";2010;2021;37,8;34;16,7;32,9;17,6;31,9;18;5,2;23,3;21,7;27,7;21,4;27,7;21,2;27,4
"A044";2010;2021;44,7;36,9;21,4;36,2;21,8;35,5;21,8;16,8;28,1;25,5;31,7;25,3;31,3;25,1;31,2
"A043";2012;2021;39,1;36,4;19,5;35,7;19,9;35;19,9;15,3;26,7;24,7;30,2;24,4;30;24,2;29,8
"A042";2017;2021;36;33,3;16;32,3;15,9;31,1;16,7;7,9;23;21,4;27;21,1;26,9;20,8;26,4
"A041";2012;2021;40,6;38,3;20,5;37,6;21,1;36,8;21,3;12,4;29,7;27,5;30,2;26,6;31,3;26;31,4
"A040";2012;2021;37,3;35,1;17,4;34,3;18;33,5;17,8;11;23,8;22,7;28,2;22,4;27,7;22,1;27,4
"A039";2010;2021;41,2;38,8;20;38;20,5;37,2;20,2;13,9;27,6;25,8;31,8;25,5;31,9;25,2;31,5
"A038";2010;2021;38,5;35,4;18;34,6;18,5;33,8;18,3;14,8;25;23,7;29,4;23,3;28,7;23;28,7
"A037";2010;2021;38,2;34,9;17,3;33,7;17,6;32,4;18,1;4,9;23,8;22,3;28,4;22;28,3;21,7;28
"A036";2010;2021;35,9;32,3;16,2;31,1;16,3;30,1;17;6,7;21,9;20,9;26,8;20,6;26,3;20,3;25,9
"A035";2010;2021;42;37,7;19,3;36,5;19,6;35,1;20,2;2,8;33,5;24,4;31,9;24,1;31,1;23,8;30,5
"A034";2010;2021;38,4;34,7;17,4;33,6;17,3;32,4;18,8;6,5;24,2;22,5;28,2;22,2;27,5;21,9;27,3
"A033";2010;2021;40,8;36,5;18;35,2;18,3;34;18,5;4,1;24,5;23,1;29,5;22,8;29,6;22,5;28,8
"A032";2010;2021;41,7;37,6;18,1;36,6;18,6;35,6;19;12,9;27,2;23,9;30,8;23,6;30,2;23,3;30
"A031";2017;2021;42,8;39,6;21,2;38,8;21,7;38,1;21;14,1;27,7;26,3;31,9;26;32,3;25,7;31,9
"A029";2017;2021;41,4;38,3;19,2;37,1;19,7;36,1;20;4,3;26,2;24,7;31,1;24,4;30,4;24,1;30,3
"A028";2013;2021;41;37;18,9;35,9;18,9;34,7;19,9;8,5;25,3;24;30,4;23,7;30,2;23,4;29,7
"A027";2010;2021;41,1;37;19,6;35,7;19,7;34,5;19,1;6,3;29;24,5;30,7;23,7;30,3;23,2;29,5
"A026";2010;2021;40,2;36;18,6;34,8;18,8;33,7;19,6;-9,7;31,9;24,4;29,6;23,9;30,2;23,5;30
"A025";2010;2021;43,1;35,9;17,5;34,6;18,1;33,4;18,6;1,2;28,4;23,1;29,4;22,8;29,2;22,5;28,7
"A024";2010;2021;39,1;31,8;15,8;30,8;16,7;29,8;16,9;7,9;22,9;21;26,6;20,7;26,5;20,4;25,9
"A023";2010;2021;40;36,1;18,4;35;18,3;34;18,2;6,5;24,3;23,1;29,4;22,9;29,1;22,6;28,7
"A022";2010;2021;39,7;36,5;18;35,5;18,8;34,5;18,4;11,2;26;23,1;29,7;22,8;29,7;22,5;29,2
"A021";2010;2021;38,8;36,7;21,4;36;21,6;35,3;21,8;12,9;27,8;25,9;31,4;25,6;31,4;25,3;31,1
"A020";2010;2021;42,9;38,7;20,7;37,9;20,7;37,2;21;14,8;27,6;26;32,5;25,8;31,8;25,5;31,7
"A019";2010;2021;41,6;38,6;20,1;37,7;20,3;36,8;20,5;11,7;26,8;25,5;32;25,2;31,8;25;31,6
"A018";2010;2021;41,1;38,9;20,2;38;19,9;37,1;20,4;13,5;27;25,5;31,6;25,2;31,9;24,9;31,2
"A017";2010;2021;39,4;35,7;17,3;34,6;17,7;33,7;18,1;13;23,9;22,6;29,1;22,3;28,5;22;28,2
"A016";2010;2021;41,1;36,7;18,8;35,5;18,4;34,4;18,9;0,2;25,3;23,9;30,4;23,6;29,9;23,3;29,6
"A015";2010;2021;39,6;36,6;19,6;35,7;19,4;34,8;19,8;8,7;25,8;24,2;30,8;23,9;30,7;23,7;29,9
"A014";2010;2021;43,4;39;19,8;37,7;19,5;36,6;19,6;10;31,9;24,9;32;24,5;31,8;24,2;31,2
"A013";2010;2021;43,9;39,5;20;38,5;20;37,4;20,4;8;27,9;25;32;24,7;31,6;24,5;31,2
"A012";2010;2021;37;33,9;17,2;32,8;17,3;31,9;17,5;7;23,4;21,8;27,7;21,5;27,6;21,3;27,3
"A011";2010;2021;42,1;38,1;19,8;36,9;19,5;35,5;19,7;4,4;25,7;24,4;31,5;24,1;31;23,8;30,6
"A010";2010;2021;42;39,1;19,1;38,2;19,6;37,3;19,7;11,9;32,8;24,7;31,8;24,4;31,7;24,1;30,9
"A009";2010;2021;41,9;39;20,2;38,2;20,5;37,4;20,6;16;30,7;25,6;32,3;25,3;31,8;25;31,4
"A005";2018;2021;44,8;38,6;19,8;37,8;21,2;36,6;22;15,5;31,8;25,6;32,2;25,3;31,7;25,1;31,3
"A003";2010;2021;40,4;35,9;18,5;34,7;19,2;33,6;18,8;2,9;24,5;23,2;29,3;22,9;29,4;22,6;28,9
"A002";2010;2021;40,7;37;18,3;35,8;18,3;34,6;18,7;5,8;25,2;23,3;30,2;23;30;22,7;29,4
"A251";2017;2021;37,7;34,7;24,1;34,1;24,3;34;24,3;20,6;31,7;25,7;30,9;25,3;31,4;25,1;32,2
"A001";2010;2021;36,5;32,7;16,2;31,5;16,1;30,5;17;7,6;22,1;21;26,4;20,7;25,8;20,4;25,6
